project,Sample name,n_ecDNA_amplicons
BLCA,TCGA-BL-A0C8-01A-11D-A10R-02_MN_10A-01D-A10R,3
BLCA,TCGA-BL-A0C8-01B-04D-A46W-08_MN_10A-01D-A46W,3
BLCA,TCGA-C4-A0F0-01A-12D-A10R-02_MN_10A-01D-A10R,3
BLCA,TCGA-DK-A1A6-01A-11D-A13U-02_MN_10A-01D-A13U,3
BLCA,TCGA-DK-A1A6-01A-11D-A13W-08_MN_10A-01D-A13U,3
BLCA,TCGA-DK-A1A6-01A-11D-A13W-08_MN_10A-01D-A13W,3
BLCA,TCGA-DK-A1A7-01A-11D-A13U-02_MN_10A-01D-A13U,3
BLCA,TCGA-DK-A1A7-01A-11D-A13U-02_MN_10A-01D-A13W,3
BLCA,TCGA-FD-A3N5-01A-11D-A21C-26_MN_10A-01D-A21A,3
BLCA,TCGA-FD-A3N5-01A-11D-A21C-26_MN_10A-01D-A21C,3
BLCA,TCGA-GV-A3JV-01A-11D-A221-26_MN_10B-01D-A221,3
BLCA,TCGA-BL-A0C8-01A-11D-A10R-02_MN_10A-01D-A46W,2
BLCA,TCGA-BL-A0C8-01A-11D-A46W-08_MN_10A-01D-A10R,2
BLCA,TCGA-BL-A0C8-01A-11D-A46W-08_MN_10A-01D-A46W,2
BLCA,TCGA-BL-A0C8-01B-04D-A46W-08_MN_10A-01D-A10R,2
BLCA,TCGA-BL-A13J-01A-11D-A46W-08_MN_10A-01D-A10R,2
BLCA,TCGA-BL-A13J-01A-11D-A46W-08_MN_10A-01D-A46W,2
BLCA,TCGA-BL-A13J-01A-11D-A46W-08_MN_11A-13D-A10R,2
BLCA,TCGA-C4-A0F7-01A-11D-A10S-08_MN_10A-01D-A10S,2
BLCA,TCGA-DK-A1A6-01A-11D-A13U-02_MN_10A-01D-A13W,2
BLCA,TCGA-DK-A3IM-01A-11D-A210-26_MN_10A-01D-A210,2
BLCA,TCGA-FD-A3N5-01A-11D-A21A-08_MN_10A-01D-A21A,2
BLCA,TCGA-FD-A3N5-01A-11D-A21A-08_MN_10A-01D-A21C,2
BLCA,TCGA-GV-A3QH-01A-11D-A221-26_MN_10A-01D-A221,2
BLCA,TCGA-K4-A3WV-01A-11D-A23Q-26_MN_10A-01D-A23Q,2
BLCA,TCGA-K4-A3WV-01A-11D-A23Q-26_MN_11A-21D-A23Q,2
BLCA,TCGA-BL-A13J-01A-11D-A46W-08_MN_10A-01D-A10S,1
BLCA,TCGA-BT-A20P-01A-11D-A14U-02_MN_11A-11D-A14U,1
BLCA,TCGA-BT-A20P-01A-11D-A14U-02_MN_11A-11D-A14W,1
BLCA,TCGA-BT-A20P-01A-11D-A14W-08_MN_11A-11D-A14U,1
BLCA,TCGA-BT-A20P-01A-11D-A14W-08_MN_11A-11D-A14W,1
BLCA,TCGA-BT-A20Q-01A-11D-A14U-02_MN_11A-11D-A14U,1
BLCA,TCGA-BT-A20Q-01A-11D-A14U-02_MN_11A-11D-A14W,1
BLCA,TCGA-BT-A20Q-01A-11D-A14W-08_MN_11A-11D-A14U,1
BLCA,TCGA-BT-A20R-01A-12D-A16N-02_MN_11A-11D-A16N,1
BLCA,TCGA-BT-A20V-01A-11D-A14W-08_MN_11A-11D-A14W,1
BLCA,TCGA-BT-A2LD-01A-12D-A210-26_MN_10A-01D-A210,1
BLCA,TCGA-BT-A3PJ-01A-21D-A21Z-08_MN_10A-01D-A21Z,1
BLCA,TCGA-BT-A3PJ-01A-21D-A21Z-08_MN_10A-01D-A221,1
BLCA,TCGA-BT-A3PJ-01A-21D-A221-26_MN_10A-01D-A21Z,1
BLCA,TCGA-BT-A3PJ-01A-21D-A221-26_MN_10A-01D-A221,1
BLCA,TCGA-C4-A0F6-01A-11D-A10R-02_MN_10A-01D-A10R,1
BLCA,TCGA-CF-A1HS-01A-11D-A13U-02_MN_10A-01D-A13U,1
BLCA,TCGA-CU-A0YR-01A-12D-A10R-02_MN_10A-01D-A10R,1
BLCA,TCGA-CU-A0YR-01A-12D-A10R-02_MN_11A-13D-A10R,1
BLCA,TCGA-DK-A1A5-01A-11D-A13U-02_MN_10A-01D-A13U,1
BLCA,TCGA-DK-A1A5-01A-11D-A13U-02_MN_10A-01D-A13W,1
BLCA,TCGA-DK-A1A5-01A-11D-A13W-08_MN_10A-01D-A13U,1
BLCA,TCGA-DK-A1A5-01A-11D-A13W-08_MN_10A-01D-A13W,1
BLCA,TCGA-DK-A1A7-01A-11D-A13W-08_MN_10A-01D-A13U,1
BLCA,TCGA-DK-A1A7-01A-11D-A13W-08_MN_10A-01D-A13W,1
BLCA,TCGA-DK-A1AC-01A-11D-A13U-02_MN_10A-01D-A13U,1
BLCA,TCGA-DK-A1AD-01A-11D-A13U-02_MN_10A-01D-A13U,1
BLCA,TCGA-DK-A2I6-01A-12D-A18D-02_MN_10A-01D-A18D,1
BLCA,TCGA-DK-A3IV-01A-22D-A21C-26_MN_10A-01D-A21C,1
BLCA,TCGA-DK-A3WX-01A-22D-A233-26_MN_10A-01D-A233,1
BLCA,TCGA-DK-A3X1-01A-12D-A233-26_MN_10A-01D-A233,1
BLCA,TCGA-FD-A3N6-01A-11D-A21A-08_MN_10A-01D-A21A,1
BLCA,TCGA-FD-A3N6-01A-11D-A21A-08_MN_10A-01D-A21C,1
BLCA,TCGA-FD-A3N6-01A-11D-A21C-26_MN_10A-01D-A21A,1
BLCA,TCGA-FD-A3N6-01A-11D-A21C-26_MN_10A-01D-A21C,1
BLCA,TCGA-FD-A3NA-01A-11D-A21C-26_MN_10A-01D-A21C,1
BLCA,TCGA-FD-A3SM-01A-11D-A233-26_MN_10A-01D-A233,1
BLCA,TCGA-G2-A2EK-01A-22D-A18D-02_MN_10A-01D-A18D,1
BLCA,TCGA-G2-A3VY-01A-11D-A233-26_MN_10A-01D-A233,1
BLCA,TCGA-GC-A3I6-01A-11D-A210-26_MN_10A-01D-A210,1
BLCA,TCGA-GC-A3RD-01A-12D-A233-26_MN_10B-01D-A233,1
BLCA,TCGA-GD-A3OS-01A-12D-A221-26_MN_10A-01D-A221,1
BLCA,TCGA-GV-A3JZ-01A-11D-A21C-26_MN_10A-01D-A21C,1
BLCA,TCGA-GV-A3QF-01A-31D-A233-26_MN_10A-01D-A233,1
BLCA,TCGA-H4-A2HQ-01A-11D-A17R-02_MN_10A-01D-A17R,1
BLCA,TCGA-H4-A2HQ-01A-11D-A17R-02_MN_10A-01D-A17V,1
BLCA,TCGA-H4-A2HQ-01A-11D-A17V-08_MN_10A-01D-A17R,1
BLCA,TCGA-H4-A2HQ-01A-11D-A17V-08_MN_10A-01D-A17V,1
BRCA,TCGA-A7-A13D-01A-13D-A12Q-09_MN_10A-02D-A12Q,7
BRCA,TCGA-AO-A124-01A-11D-A10M-09_MN_10A-01D-A10M,6
BRCA,TCGA-AR-A256-01A-11D-A167-09_MN_10A-01D-A167,6
BRCA,TCGA-A2-A0D0-01A-11D-A128-09_MN_10A-01D-A128,5
BRCA,TCGA-E2-A109-01A-11D-A10M-09_MN_10A-01D-A10M,5
BRCA,TCGA-BH-A18U-01A-21D-A19H-09_MN_11A-23D-A19H,3
BRCA,TCGA-EW-A3U0-01A-11D-A228-09_MN_10A-01D-A22A,3
BRCA,TCGA-A2-A0D1-01A-11D-A19H-09_MN_10A-01D-A19H,2
BRCA,TCGA-A2-A3XX-01A-21D-A23C-09_MN_10A-01D-A23C,2
BRCA,TCGA-A7-A0D9-01A-31D-A060-02_MN_10A-01D-A060,2
BRCA,TCGA-A8-A07I-01A-11D-A19H-09_MN_10A-01D-A19H,2
BRCA,TCGA-AO-A0J2-01A-11D-A19H-09_MN_10A-01D-A19H,2
BRCA,TCGA-AR-A0TU-01A-31D-A106-02_MN_10A-01D-A106,2
BRCA,TCGA-C8-A130-01A-31D-A19H-09_MN_10A-01D-A19H,2
BRCA,TCGA-EW-A1P8-01A-11D-A142-09_MN_10A-01D-A314,2
BRCA,TCGA-EW-A1PC-01B-11D-A21Q-09_MN_10A-01D-A21Q,2
BRCA,TCGA-A2-A04P-01A-31D-A128-09_MN_10A-01D-A128,1
BRCA,TCGA-A2-A04X-01A-21D-A19H-09_MN_10A-01D-A19H,1
BRCA,TCGA-A2-A25B-01A-11D-A167-09_MN_10A-01D-A167,1
BRCA,TCGA-A2-A3KC-01A-11D-A20S-09_MN_10A-01D-A20S,1
BRCA,TCGA-A8-A09I-01A-22D-A19H-09_MN_10A-01D-A19H,1
BRCA,TCGA-AC-A2BK-01A-11D-A314-09_MN_11A-13D-A21Q,1
BRCA,TCGA-AN-A0G0-01A-11D-A045-09_MN_10A-01D-A047,1
BRCA,TCGA-AN-A0XR-01A-11D-A10G-09_MN_10A-01D-A10G,1
BRCA,TCGA-AO-A0JL-01A-11D-A060-02_MN_10A-01D-A060,1
BRCA,TCGA-AO-A0JM-01A-21D-A19H-09_MN_10A-01D-A19H,1
BRCA,TCGA-AR-A24Z-01A-11D-A314-09_MN_10A-01D-A167,1
BRCA,TCGA-AR-A2LK-01A-11D-A17W-09_MN_10A-01D-A17W,1
BRCA,TCGA-B6-A0I1-01A-11D-A21Q-09_MN_10A-01D-A21Q,1
BRCA,TCGA-B6-A0RG-01A-11D-A060-02_MN_10A-01D-A060,1
BRCA,TCGA-BH-A0HB-01A-11D-A060-02_MN_10A-01D-A060,1
BRCA,TCGA-BH-A0HX-01A-21D-A060-02_MN_10A-02D-A060,1
BRCA,TCGA-BH-A18R-01A-11D-A19H-09_MN_11A-42D-A19H,1
BRCA,TCGA-C8-A12Q-01A-11D-A19H-09_MN_10A-01D-A19H,1
BRCA,TCGA-E2-A14P-01A-31D-A19H-09_MN_10A-01D-A19H,1
BRCA,TCGA-E2-A1LG-01A-21D-A14K-09_MN_11A-42D-A14K,1
BRCA,TCGA-E2-A1LK-01A-21D-A14G-09_MN_11A-12D-A314,1
BRCA,TCGA-E2-A1LL-01A-11D-A142-09_MN_11A-21D-A314,1
BRCA,TCGA-EW-A1J5-01A-11D-A13L-09_MN_10A-01D-A13O,1
BRCA,TCGA-EW-A1PH-01A-11D-A17G-09_MN_10A-01D-A17G,1
BRCA,TCGA-GM-A2DF-01A-11D-A17W-09_MN_10C-01D-A17W,1
BRCA,TCGA-GM-A3XL-01A-11D-A22X-09_MN_10A-01D-A22X,1
CESC,TCGA-C5-A2LY-01A-31D-A18J-09_MN_10A-01D-A18J,2
CESC,TCGA-C5-A3HD-01B-11D-A20X-26_MN_10A-01D-A20X,2
CESC,TCGA-C5-A1BJ-01A-11D-A200-09_MN_10A-01D-A200,1
CESC,TCGA-C5-A1M9-01A-11D-A200-09_MN_10A-01D-A200,1
CESC,TCGA-C5-A2M1-01A-11D-A18I-02_MN_10A-01D-A18I,1
CESC,TCGA-DS-A0VL-01A-21D-A200-09_MN_10A-01D-A200,1
CESC,TCGA-EA-A3QD-01A-32D-A232-26_MN_10A-01D-A232,1
CESC,TCGA-EK-A2PL-01A-11D-A18I-02_MN_10A-01D-A18I,1
CESC,TCGA-EK-A2RM-01A-21D-A18J-09_MN_10A-01D-A18J,1
CESC,TCGA-EK-A3GM-01A-11D-A20X-26_MN_10A-01D-A20X,1
CESC,TCGA-EX-A3L1-01A-11D-A245-26_MN_10A-01D-A245,1
CESC,TCGA-IR-A3LA-01A-11D-A232-26_MN_10A-01D-A232,1
CESC,TCGA-IR-A3LH-01A-21D-A20X-26_MN_10A-01D-A20X,1
COAD,TCGA-A6-2677-01A-01D-A46W-08_MN_10A-01D-A46W,2
COAD,TCGA-A6-3810-01A-01D-A46W-08_MN_10A-01D-A46W,1
DLBC,TCGA-FF-8042-01A-11D-2210-10_MN_10A-01D-2210,1
ESCA,TCGA-L5-A4OH-01A-11D-A267-26_MN_11A-11D-A267,2
ESCA,TCGA-L5-A4OJ-01A-11D-A267-26_MN_11A-12D-A267,2
ESCA,TCGA-LN-A49V-01A-11D-A248-26_MN_10A-01D-A248,2
ESCA,TCGA-IG-A3I8-01A-11D-A248-26_MN_10A-01D-A248,1
ESCA,TCGA-IG-A3I8-01A-11D-A248-26_MN_11A-11D-A248,1
ESCA,TCGA-IG-A3YB-01A-11D-A248-26_MN_10A-01D-A248,1
ESCA,TCGA-IG-A50L-01A-11D-A267-26_MN_10A-01D-A267,1
ESCA,TCGA-L5-A43I-01A-11D-A248-26_MN_11A-11D-A248,1
ESCA,TCGA-L5-A43M-01A-11D-A248-26_MN_11A-11D-A248,1
ESCA,TCGA-L5-A4OS-01A-11D-A28P-26_MN_11A-11D-A28P,1
ESCA,TCGA-L5-A4OT-01A-11D-A28P-26_MN_11A-11D-A28P,1
ESCA,TCGA-LN-A49L-01A-11D-A248-26_MN_10A-01D-A248,1
ESCA,TCGA-LN-A49O-01A-11D-A248-26_MN_10A-01D-A248,1
ESCA,TCGA-LN-A49P-01A-11D-A248-26_MN_10A-01D-A248,1
ESCA,TCGA-LN-A49W-01A-11D-A267-26_MN_10A-01D-A267,1
ESCA,TCGA-LN-A49Y-01A-11D-A267-26_MN_10A-01D-A267,1
GBM,TCGA-02-2485-01A-01D-1494-08_MN_10A-01D-1494,3
GBM,TCGA-06-0214-01A-02D-0512-09_MN_10A-01D-0512,3
GBM,TCGA-06-0214-01A-02D-1491-08_MN_10A-01D-1491,3
GBM,TCGA-19-5960-01A-11D-1696-08_MN_10A-01D-1696,3
GBM,TCGA-06-0145-01A-01D-0507-08_MN_10A-01D-0507,2
GBM,TCGA-06-0155-01B-01D-0932-09_MN_10A-01D-0703,2
GBM,TCGA-06-0157-01A-01D-1491-08_MN_10A-01D-1491,2
GBM,TCGA-06-0210-01A-01D-1491-08_MN_10A-01D-1491,2
GBM,TCGA-06-0211-01A-01D-1491-08_MN_10A-01D-1491,2
GBM,TCGA-06-5415-01A-01D-1486-08_MN_10A-01D-1486,2
GBM,TCGA-14-1459-01A-01D-0932-09_MN_10A-01D-0703,2
GBM,TCGA-16-1063-01B-01D-0932-09_MN_10A-01D-0703,2
GBM,TCGA-26-5132-01A-01D-1486-08_MN_10A-01D-1486,2
GBM,TCGA-02-2483-01A-01D-1494-08_MN_10A-01D-1494,1
GBM,TCGA-06-0125-01A-01D-1490-08_MN_10A-01D-1490,1
GBM,TCGA-06-0125-02A-11D-2280-08_MN_10A-01D-1490,1
GBM,TCGA-06-0128-01A-01D-0572-09_MN_10A-01D-0572,1
GBM,TCGA-06-0152-01A-02D-0507-08_MN_10A-01D-0507,1
GBM,TCGA-06-0152-02A-01D-2280-08_MN_10A-01D-0507,1
GBM,TCGA-06-0185-01A-01D-0507-08_MN_10B-01D-0507,1
GBM,TCGA-06-0190-02A-01D-2280-08_MN_10B-01D-A32W,1
GBM,TCGA-06-0208-01A-01D-0512-09_MN_10A-01D-0512,1
GBM,TCGA-06-0210-02A-01D-2280-08_MN_10A-01D-1491,1
GBM,TCGA-06-0211-02A-02D-2280-08_MN_10A-01D-1491,1
GBM,TCGA-06-0221-01A-01D-A32W-08_MN_10A-01D-A35R,1
GBM,TCGA-06-0686-01A-01D-1492-08_MN_10A-01D-1492,1
GBM,TCGA-06-0744-01A-01D-1492-08_MN_10A-01D-1492,1
GBM,TCGA-06-0745-01A-01D-1492-08_MN_10A-01D-1492,1
GBM,TCGA-06-0877-01A-01D-0512-09_MN_10A-01D-0512,1
GBM,TCGA-06-0881-01A-02D-0512-09_MN_10A-01D-0512,1
GBM,TCGA-06-2570-01A-01D-1495-08_MN_10A-01D-1495,1
GBM,TCGA-06-5411-01A-01D-1696-08_MN_10A-01D-1696,1
GBM,TCGA-14-1402-01A-01D-1493-08_MN_10A-01D-1493,1
GBM,TCGA-14-1402-02A-01D-2280-08_MN_10A-01D-1493,1
GBM,TCGA-14-2554-01A-01D-1494-08_MN_10A-01D-1494,1
GBM,TCGA-19-2620-01A-01D-1495-08_MN_10A-01D-1495,1
GBM,TCGA-19-2624-01A-01D-1495-08_MN_10A-01D-1495,1
GBM,TCGA-26-1438-01A-01D-0932-09_MN_10A-01D-0703,1
GBM,TCGA-26-5135-01A-01D-1486-08_MN_10A-01D-1486,1
GBM,TCGA-27-2523-01A-01D-1494-08_MN_10A-01D-1494,1
GBM,TCGA-32-1970-01A-01D-1494-08_MN_10A-01D-1494,1
GBM,TCGA-41-5651-01A-01D-1696-08_MN_10A-01D-1696,1
HNSC,TCGA-BA-4076-01A-01D-1431-02_MN_10A-01D-1431,3
HNSC,TCGA-CV-5973-01A-11D-1681-02_MN_11A-01D-1681,3
HNSC,TCGA-CV-5973-01A-11D-A32X-10_MN_11A-01D-A32X,3
HNSC,TCGA-CN-4740-01A-01D-1431-02_MN_10A-01D-1431,2
HNSC,TCGA-CQ-6228-01A-11D-A32X-10_MN_10A-01D-A32X,2
HNSC,TCGA-CV-6933-01A-11D-1911-02_MN_10A-01D-1911,2
HNSC,TCGA-CV-6933-01A-11D-1911-02_MN_11A-01D-1911,2
HNSC,TCGA-CV-7090-01A-11D-2276-10_MN_10A-01D-2276,2
HNSC,TCGA-BA-4074-01A-01D-1431-02_MN_10A-01D-1431,1
HNSC,TCGA-BA-4076-01A-01D-2266-10_MN_10A-01D-2266,1
HNSC,TCGA-BA-4077-01B-01D-2268-08_MN_10A-01D-2268,1
HNSC,TCGA-BA-4078-01A-01D-1431-02_MN_10A-01D-1431,1
HNSC,TCGA-BA-5151-01A-01D-1431-02_MN_10A-01D-1431,1
HNSC,TCGA-BA-6872-01A-11D-A32X-10_MN_10A-01D-A32X,1
HNSC,TCGA-BB-4224-01A-01D-1431-02_MN_10A-01D-1431,1
HNSC,TCGA-CN-4729-01A-01D-1431-02_MN_10A-01D-1431,1
HNSC,TCGA-CN-5365-01A-01D-2276-10_MN_10A-01D-2276,1
HNSC,TCGA-CN-5367-01A-01D-1431-02_MN_10A-01D-1431,1
HNSC,TCGA-CN-6011-01A-11D-A32X-10_MN_10A-01D-A32X,1
HNSC,TCGA-CN-6013-01A-11D-1681-02_MN_10A-01D-1681,1
HNSC,TCGA-CN-6996-01A-11D-1911-02_MN_10A-01D-1911,1
HNSC,TCGA-CQ-5330-01A-01D-1681-02_MN_10A-01D-1681,1
HNSC,TCGA-CQ-6225-01A-11D-1911-02_MN_10A-01D-1911,1
HNSC,TCGA-CQ-6229-01A-11D-1911-02_MN_10A-01D-1911,1
HNSC,TCGA-CR-6482-01A-11D-2268-08_MN_10A-01D-2268,1
HNSC,TCGA-CV-5431-01A-01D-1509-02_MN_11A-01D-1509,1
HNSC,TCGA-CV-5431-01A-01D-A32X-10_MN_11A-01D-A32X,1
HNSC,TCGA-CV-5432-01A-02D-A32X-10_MN_10A-01D-A32X,1
HNSC,TCGA-CV-5443-01A-01D-2268-08_MN_11A-01D-2268,1
HNSC,TCGA-CV-5977-01A-11D-1681-02_MN_11A-01D-1681,1
HNSC,TCGA-CV-6003-01A-11D-1681-02_MN_11A-01D-1681,1
HNSC,TCGA-CV-6433-01A-11D-2276-10_MN_11A-01D-2276,1
HNSC,TCGA-CV-6948-01A-11D-1911-02_MN_10A-01D-1911,1
HNSC,TCGA-CV-6959-01A-11D-1911-02_MN_10A-01D-1911,1
HNSC,TCGA-CV-6959-01A-11D-1911-02_MN_11A-01D-1911,1
HNSC,TCGA-CV-7407-01A-11D-2317-26_MN_10A-01D-2317,1
HNSC,TCGA-CV-7416-01A-11D-2334-08_MN_11A-01D-2334,1
HNSC,TCGA-D6-6826-01A-11D-1911-02_MN_10A-01D-1911,1
HNSC,TCGA-DQ-5625-01A-01D-1868-02_MN_10A-01D-1868,1
HNSC,TCGA-DQ-5625-01A-01D-A32X-10_MN_10A-01D-A32X,1
HNSC,TCGA-HD-7753-01A-11D-A32X-10_MN_10A-01D-A32X,1
HNSC,TCGA-IQ-7632-01A-11D-2317-26_MN_10A-01D-2317,1
KICH,TCGA-KL-8341-01A-11D-2310-10_MN_11A-01D-2310,1
KIRP,TCGA-A4-A57E-01A-11D-A26P-10_MN_10A-01D-A26P,1
KIRP,TCGA-B3-4104-01A-02D-1402-10_MN_11A-01D-1253,1
KIRP,TCGA-B9-4116-01A-02D-1402-10_MN_10A-01D-A31Z,1
LGG,TCGA-CS-4941-01A-01D-1465-02_MN_10A-01D-1465,2
LGG,TCGA-DU-6403-01A-11D-1703-02_MN_10A-01D-1703,2
LGG,TCGA-DU-6407-02B-11D-A36O-08_MN_10A-01D-1705,2
LGG,TCGA-DU-7013-01A-11D-A461-08_MN_10A-01D-A461,2
LGG,TCGA-DU-7292-01A-11D-2022-02_MN_10A-01D-2022,2
LGG,TCGA-FG-6688-01A-11D-1891-02_MN_10A-01D-1891,2
LGG,TCGA-CS-6665-01A-11D-1893-08_MN_10A-01D-1893,1
LGG,TCGA-DU-5852-01A-11D-1703-02_MN_10A-01D-1703,1
LGG,TCGA-DU-5854-01A-11D-1703-02_MN_10A-01D-1703,1
LGG,TCGA-DU-6405-01A-11D-1703-02_MN_10A-01D-1703,1
LGG,TCGA-DU-7010-01A-11D-2022-02_MN_10A-01D-2022,1
LGG,TCGA-FG-6692-01A-11D-1891-02_MN_10A-01D-1891,1
LGG,TCGA-HT-8104-01A-11D-A461-08_MN_10A-01D-A461,1
LGG,TCGA-HT-A61B-01A-11D-A461-08_MN_10A-01D-A29Q,1
LGG,TCGA-IK-7675-01A-11D-2086-08_MN_10A-01D-2086,1
LIHC,TCGA-DD-A4NE-01A-11D-A27I-10_MN_11A-11D-A27I,2
LIHC,TCGA-EP-A2KA-01A-11D-A183-10_MN_10A-01D-A183,2
LIHC,TCGA-BC-A216-01A-11D-A152-10_MN_11A-11D-A152,1
LIHC,TCGA-BC-A217-01A-11D-A152-10_MN_10A-01D-A152,1
LIHC,TCGA-G3-A25W-01A-11D-A16V-10_MN_11A-12D-A16V,1
LUAD,TCGA-38-4630-01A-01D-2364-08_MN_11A-01D-2364,8
LUAD,TCGA-44-6774-01A-21D-1853-02_MN_11A-01D-1853,2
LUAD,TCGA-05-4432-01A-01D-1203-02_MN_10A-01D-1203,1
LUAD,TCGA-38-4632-01A-01D-1751-02_MN_11A-01D-1751,1
LUAD,TCGA-44-6775-01C-02D-A46W-08_MN_10A-01D-1853,1
LUAD,TCGA-44-6775-01C-02D-A46W-08_MN_10A-01D-A46W,1
LUAD,TCGA-44-6775-01C-02D-A46W-08_MN_11A-01D-1853,1
LUAD,TCGA-49-4510-01A-01D-1203-02_MN_11A-01D-1203,1
LUAD,TCGA-49-4510-01A-01D-1203-02_MN_11A-01D-1931,1
LUAD,TCGA-49-4510-01A-01D-1931-08_MN_11A-01D-1203,1
LUAD,TCGA-49-4510-01A-01D-1931-08_MN_11A-01D-1931,1
LUAD,TCGA-49-6767-01A-11D-1853-02_MN_11A-01D-1853,1
LUAD,TCGA-50-5944-01A-11D-1751-02_MN_10A-01D-1751,1
LUAD,TCGA-50-6597-01A-11D-1853-02_MN_10A-01D-1853,1
LUAD,TCGA-50-6597-01A-11D-1853-02_MN_10A-01D-1855,1
LUAD,TCGA-50-6597-01A-11D-1855-08_MN_10A-01D-1853,1
LUAD,TCGA-50-6597-01A-11D-1855-08_MN_10A-01D-1855,1
LUAD,TCGA-55-6982-01A-11D-1945-08_MN_11A-01D-1945,1
LUAD,TCGA-67-3771-01A-01D-0969-08_MN_10A-01D-0969,1
LUAD,TCGA-67-6217-01A-11D-1751-02_MN_10A-01D-1751,1
LUAD,TCGA-73-4668-01A-01D-1203-02_MN_11A-01D-1203,1
LUAD,TCGA-73-4677-01A-01D-1203-02_MN_11A-01D-1203,1
LUAD,TCGA-78-7143-01A-11D-2036-08_MN_10A-01D-2036,1
LUAD,TCGA-91-6831-01A-11D-1853-02_MN_11A-02D-1853,1
LUAD,TCGA-91-6836-01A-21D-1853-02_MN_11A-01D-1853,1
LUAD,TCGA-91-6840-01A-11D-1945-08_MN_10A-01D-1946,1
LUAD,TCGA-91-6847-01A-11D-1945-08_MN_11A-01D-1945,1
LUAD,TCGA-97-8171-01A-11D-2284-08_MN_10A-01D-2284,1
LUSC,TCGA-18-3415-01A-01D-A320-08_MN_11A-01D-A320,2
LUSC,TCGA-43-3394-01A-01D-1553-08_MN_11A-01D-1553,2
LUSC,TCGA-60-2711-01A-01D-0963-08_MN_11A-01D-0963,2
LUSC,TCGA-66-2756-01A-01D-1180-08_MN_11A-01D-1180,2
LUSC,TCGA-85-8277-01A-11D-2293-08_MN_10A-01D-2293,2
LUSC,TCGA-22-5477-01A-01D-1632-08_MN_11A-11D-1632,1
LUSC,TCGA-37-4135-01A-01D-A320-08_MN_10A-01D-A320,1
LUSC,TCGA-43-5670-01A-21D-A320-08_MN_10A-01D-A320,1
LUSC,TCGA-60-2695-01A-01D-1180-08_MN_11A-01D-1180,1
LUSC,TCGA-60-2722-01A-01D-1180-08_MN_11A-01D-1180,1
LUSC,TCGA-60-2726-01A-01D-1522-08_MN_11A-01D-1522,1
LUSC,TCGA-66-2744-01A-01D-A320-08_MN_11A-01D-A320,1
LUSC,TCGA-66-2759-01A-01D-A320-08_MN_11A-01D-A320,1
LUSC,TCGA-66-2766-01A-01D-1180-08_MN_11A-01D-1180,1
LUSC,TCGA-66-2789-01A-01D-A320-08_MN_11A-01D-A320,1
LUSC,TCGA-66-2793-01A-01D-1267-08_MN_11A-01D-1267,1
LUSC,TCGA-66-2795-01A-02D-A320-08_MN_11A-01D-A320,1
LUSC,TCGA-77-7139-01A-11D-A320-08_MN_10A-01D-A320,1
LUSC,TCGA-92-8064-01A-11D-2244-08_MN_10A-01D-2244,1
LUSC,TCGA-94-7943-01A-11D-A320-08_MN_10A-01D-A320,1
LUSC,TCGA-96-7545-01A-21D-A320-08_MN_10A-01D-A320,1
OV,TCGA-61-2000-01A-01D-A324-10_MN_11A-01D-A324,10
OV,TCGA-24-1466-01A-01D-A312-08_MN_10A-01D-A312,5
OV,TCGA-24-1419-01A-01D-A324-10_MN_10A-01D-A324,2
OV,TCGA-24-1562-01A-01D-A312-08_MN_10A-01D-A312,2
OV,TCGA-25-1319-01A-01D-0516-08_MN_10A-01D-0516,2
OV,TCGA-04-1347-01A-01D-A324-10_MN_11A-01D-A324,1
OV,TCGA-04-1371-01A-01D-0516-08_MN_11A-01D-0516,1
OV,TCGA-09-2045-01A-01D-A324-10_MN_11A-01D-A324,1
OV,TCGA-10-0938-01A-02D-A312-08_MN_11A-01D-A312,1
OV,TCGA-13-0723-01A-02D-0447-09_MN_10B-01D-0447,1
OV,TCGA-13-0751-01A-01D-0446-08_MN_10A-01D-0446,1
OV,TCGA-23-1118-01A-01D-A312-08_MN_10A-01D-A312,1
OV,TCGA-24-1552-01A-01D-A324-10_MN_10A-01D-A324,1
OV,TCGA-24-1557-01A-01D-A312-08_MN_10A-01D-A312,1
OV,TCGA-24-1558-01A-01D-A324-10_MN_10A-01D-A324,1
OV,TCGA-24-1614-01A-01D-A312-08_MN_10A-01D-A312,1
OV,TCGA-25-1632-01A-01D-A312-08_MN_10A-01D-A312,1
OV,TCGA-25-2400-01A-01D-A312-08_MN_10A-01D-A312,1
OV,TCGA-36-1570-01A-01D-A324-10_MN_10A-01D-A324,1
OV,TCGA-36-1571-01A-01D-A324-10_MN_10A-01D-A324,1
OV,TCGA-36-1574-01A-01D-A324-10_MN_10A-01D-A324,1
PRAD,TCGA-CH-5761-01A-11D-1572-02_MN_11A-01D-1572,3
PRAD,TCGA-CH-5751-01A-11D-1572-02_MN_10A-01D-1572,1
SARC,TCGA-DX-A1KU-01A-32D-A24N-09_MN_10A-01D-A24N,1
SARC,TCGA-DX-A1KW-01A-22D-A24N-09_MN_10A-01D-A24N,1
SARC,TCGA-DX-A1L0-01A-11D-A24N-09_MN_10A-01D-A24N,1
SARC,TCGA-DX-A1L2-01A-22D-A24N-09_MN_10A-01D-A24N,1
SARC,TCGA-DX-A1L3-01A-11D-A24N-09_MN_10A-01D-A24N,1
SARC,TCGA-DX-A23R-01A-11D-A26G-09_MN_10A-01D-A26G,1
SARC,TCGA-DX-A240-01A-32D-A27P-09_MN_10A-01D-A27P,1
SARC,TCGA-DX-A2IZ-01A-11D-A21Q-09_MN_10A-01D-A21Q,1
SARC,TCGA-DX-A2J0-01A-11D-A21Q-09_MN_10A-01D-A21Q,1
SARC,TCGA-DX-A2J4-01A-32D-A21Q-09_MN_10A-01D-A21Q,1
SARC,TCGA-DX-A3LS-01A-11D-A21Q-09_MN_10A-01D-A21Q,1
SARC,TCGA-DX-A3LT-01A-12D-A21Q-09_MN_10A-01D-A32V,1
SARC,TCGA-DX-A3LU-01A-11D-A21Q-09_MN_10A-01D-A21Q,1
SARC,TCGA-DX-A3LW-01A-21D-A21Q-09_MN_10A-01D-A32V,1
SARC,TCGA-DX-A3LY-01B-11D-A27P-09_MN_10B-01D-A27P,1
SARC,TCGA-DX-A3M1-01A-11D-A228-09_MN_10A-01D-A22A,1
SARC,TCGA-DX-A3U5-01A-11D-A228-09_MN_10A-01D-A22A,1
SARC,TCGA-DX-A3U6-01A-11D-A29N-09_MN_10A-01D-A29N,1
SARC,TCGA-IS-A3KA-01A-11D-A21Q-09_MN_10A-01D-A21Q,1
SARC,TCGA-IW-A3M5-01A-22D-A21Q-09_MN_10A-01D-A21Q,1
SKCM,TCGA-ER-A19T-01A-11D-A18Z-02_MN_10A-01D-A18Z,3
SKCM,TCGA-ER-A19T-01A-11D-A18Z-02_MN_10A-01D-A19A,3
SKCM,TCGA-ER-A19T-01A-11D-A19A-08_MN_10A-01D-A18Z,2
SKCM,TCGA-ER-A19T-01A-11D-A19A-08_MN_10A-01D-A19A,2
SKCM,TCGA-ER-A19T-06A-11D-A18Z-02_MN_10A-01D-A18Z,2
SKCM,TCGA-ER-A19T-06A-11D-A18Z-02_MN_10A-01D-A19A,2
SKCM,TCGA-ER-A19T-06A-11D-A19A-08_MN_10A-01D-A18Z,2
SKCM,TCGA-ER-A19T-06A-11D-A19A-08_MN_10A-01D-A19A,2
SKCM,TCGA-FS-A1Z3-06A-11D-A18Y-02_MN_10A-01D-A190,2
SKCM,TCGA-FS-A1ZK-06A-11D-A18Y-02_MN_10A-01D-A190,2
SKCM,TCGA-D3-A1Q9-06A-11D-A18Z-02_MN_10A-01D-A18Z,1
SKCM,TCGA-D3-A2JC-06A-11D-A18Z-02_MN_10A-01D-A18Z,1
SKCM,TCGA-D3-A3CC-06A-11D-A18Z-02_MN_10A-01D-A18Z,1
SKCM,TCGA-D9-A1X3-06A-11D-A18Y-02_MN_10A-01D-A190,1
SKCM,TCGA-DA-A3F5-06A-11D-A20D-08_MN_10A-01D-A20D,1
SKCM,TCGA-EE-A2GC-06A-11D-A18Y-02_MN_10A-01D-A190,1
SKCM,TCGA-EE-A2GR-06A-11D-A18Y-02_MN_10A-01D-A190,1
SKCM,TCGA-EE-A2M6-06A-12D-A18Y-02_MN_10A-01D-A190,1
SKCM,TCGA-EE-A2MS-06A-11D-A18Y-02_MN_10A-01D-A190,1
SKCM,TCGA-EE-A2MT-06A-11D-A18Y-02_MN_10A-01D-A190,1
SKCM,TCGA-EE-A3JI-06A-11D-A21A-08_MN_10A-01D-A21A,1
SKCM,TCGA-ER-A193-06A-12D-A18Y-02_MN_10A-01D-A190,1
SKCM,TCGA-ER-A197-06A-32D-A18Y-02_MN_10A-01D-A190,1
SKCM,TCGA-ER-A19E-06A-11D-A18Y-02_MN_10A-01D-A199,1
SKCM,TCGA-ER-A19L-06A-12D-A18Y-02_MN_10A-01D-A190,1
SKCM,TCGA-ER-A19L-06A-12D-A18Y-02_MN_10A-01D-A199,1
SKCM,TCGA-FS-A1ZE-06A-11D-A18Y-02_MN_10A-01D-A190,1
SKCM,TCGA-FS-A1ZK-06A-11D-A18Y-02_MN_10A-01D-A199,1
SKCM,TCGA-FS-A1ZM-06A-12D-A18Y-02_MN_10A-01D-A190,1
SKCM,TCGA-FS-A1ZP-06A-11D-A18Y-02_MN_10A-01D-A190,1
SKCM,TCGA-FS-A1ZP-06A-11D-A18Y-02_MN_10A-01D-A199,1
SKCM,TCGA-FS-A1ZQ-06A-11D-A18Y-02_MN_10A-01D-A190,1
SKCM,TCGA-FS-A1ZU-06A-12D-A196-08_MN_10A-01D-A198,1
SKCM,TCGA-GF-A2C7-01A-11D-A18Y-02_MN_10A-01D-A190,1
SKCM,TCGA-GN-A264-06A-11D-A196-08_MN_10A-01D-A198,1
STAD,TCGA-BR-4357-01A-01D-1154-02_MN_11A-01D-1154,6
STAD,TCGA-CG-4449-01A-01D-A326-26_MN_10A-01D-A326,4
STAD,TCGA-CG-4301-01A-01D-A326-26_MN_10A-01D-A326,3
STAD,TCGA-CG-5730-01A-11D-1600-08_MN_11A-01D-1598,3
STAD,TCGA-CG-5730-01A-11D-1600-08_MN_11A-01D-1600,3
STAD,TCGA-BR-4183-01A-02D-1128-02_MN_11A-01D-1128,2
STAD,TCGA-BR-4369-01A-01D-1154-02_MN_11A-01D-1154,2
STAD,TCGA-BR-8486-01A-31D-2394-08_MN_10A-01D-2394,2
STAD,TCGA-CD-5799-01A-11D-1598-02_MN_10A-01D-1598,2
STAD,TCGA-CD-5799-01A-11D-1598-02_MN_10A-01D-1600,2
STAD,TCGA-CD-5799-01A-11D-1600-08_MN_10A-01D-1598,2
STAD,TCGA-CD-5799-01A-11D-1600-08_MN_10A-01D-1600,2
STAD,TCGA-CG-4301-01A-01D-A326-26_MN_10A-01D-1154,2
STAD,TCGA-CG-4469-01A-01D-1154-02_MN_10A-01D-1154,2
STAD,TCGA-CG-5724-01A-11D-1600-08_MN_11A-01D-1600,2
STAD,TCGA-CG-5725-01A-11D-1598-02_MN_11A-01D-1598,2
STAD,TCGA-CG-5730-01A-11D-1598-02_MN_11A-01D-1598,2
STAD,TCGA-CG-5730-01A-11D-1598-02_MN_11A-01D-1600,2
STAD,TCGA-D7-6526-01A-11D-1798-02_MN_10A-01D-1798,2
STAD,TCGA-D7-6527-01A-11D-1798-02_MN_10A-01D-1798,2
STAD,TCGA-D7-6527-01A-11D-1798-02_MN_10A-01D-1800,2
STAD,TCGA-D7-6527-01A-11D-1800-08_MN_10A-01D-1798,2
STAD,TCGA-D7-6527-01A-11D-1800-08_MN_10A-01D-1800,2
STAD,TCGA-D7-6820-01A-11D-1880-02_MN_10A-01D-1880,2
STAD,TCGA-EQ-5647-01A-01D-1598-02_MN_10A-01D-1600,2
STAD,TCGA-B7-5818-01A-11D-1598-02_MN_10A-01D-1598,1
STAD,TCGA-BR-4255-01A-01D-1128-02_MN_11A-01D-1128,1
STAD,TCGA-BR-4255-01A-01D-1128-02_MN_11A-01D-A290,1
STAD,TCGA-BR-4267-01A-01D-1128-02_MN_11A-01D-1128,1
STAD,TCGA-BR-4366-01A-01D-1154-02_MN_11A-01D-1154,1
STAD,TCGA-BR-4367-01A-01D-1154-02_MN_11A-01D-1154,1
STAD,TCGA-BR-6706-01A-11D-1880-02_MN_10A-01D-1880,1
STAD,TCGA-BR-8373-01A-11D-2340-08_MN_10A-01D-2341,1
STAD,TCGA-BR-A4J4-01A-12D-A25D-08_MN_10A-01D-A25E,1
STAD,TCGA-CD-5800-01A-11D-1598-02_MN_10A-01D-1598,1
STAD,TCGA-CD-5802-01A-11D-1598-02_MN_10A-01D-1598,1
STAD,TCGA-CD-5802-01A-11D-1598-02_MN_10A-01D-1600,1
STAD,TCGA-CG-4300-01A-01D-1154-02_MN_10A-01D-1154,1
STAD,TCGA-CG-4440-01A-01D-A326-26_MN_10A-01D-A326,1
STAD,TCGA-CG-4444-01A-01D-A326-26_MN_10A-01D-A326,1
STAD,TCGA-CG-4466-01A-01D-1154-02_MN_10A-01D-1154,1
STAD,TCGA-CG-4472-01A-01D-1154-02_MN_10A-01D-1154,1
STAD,TCGA-CG-4475-01A-01D-1154-02_MN_10A-01D-1154,1
STAD,TCGA-CG-5724-01A-11D-1598-02_MN_11A-01D-1598,1
STAD,TCGA-CG-5724-01A-11D-1598-02_MN_11A-01D-1600,1
STAD,TCGA-CG-5724-01A-11D-1600-08_MN_11A-01D-1598,1
STAD,TCGA-CG-5727-01A-11D-1598-02_MN_11A-01D-1598,1
STAD,TCGA-CG-5734-01A-11D-1598-02_MN_11A-01D-1598,1
STAD,TCGA-D7-5579-01A-01D-1598-02_MN_10A-01D-1600,1
STAD,TCGA-D7-6518-01A-11D-1798-02_MN_10A-01D-1798,1
STAD,TCGA-D7-6518-01A-11D-1798-02_MN_10A-01D-1800,1
STAD,TCGA-D7-6519-01A-11D-1798-02_MN_10A-01D-1798,1
STAD,TCGA-D7-6519-01A-11D-1798-02_MN_10A-01D-1800,1
STAD,TCGA-D7-6519-01A-11D-1800-08_MN_10A-01D-1798,1
STAD,TCGA-D7-6519-01A-11D-1800-08_MN_10A-01D-1800,1
STAD,TCGA-D7-6818-01A-11D-1880-02_MN_10A-01D-1880,1
STAD,TCGA-D7-6822-01A-11D-1880-02_MN_10A-01D-1880,1
STAD,TCGA-D7-6822-01A-11D-1880-02_MN_10A-01D-1882,1
STAD,TCGA-D7-A4YX-01A-11D-A25D-08_MN_10A-01D-A25E,1
STAD,TCGA-EQ-5647-01A-01D-1598-02_MN_10A-01D-1598,1
STAD,TCGA-EQ-5647-01A-01D-1600-08_MN_10A-01D-1598,1
STAD,TCGA-EQ-5647-01A-01D-1600-08_MN_10A-01D-1600,1
STAD,TCGA-HU-A4G6-01A-11D-A24D-08_MN_10A-01D-A24F,1
UCEC,TCGA-AP-A053-01A-21D-A013-09_MN_10A-01D-A013,3
UCEC,TCGA-AX-A2H5-01A-11D-A34H-09_MN_11A-11D-A17D,3
UCEC,TCGA-B5-A0K3-01A-11D-A325-09_MN_10A-01D-A325,3
UCEC,TCGA-EY-A1GC-01A-11D-A13I-02_MN_10A-01D-A13M,3
UCEC,TCGA-A5-A0G5-01A-11D-A043-02_MN_10A-01D-A043,2
UCEC,TCGA-AP-A0LH-01A-11D-A043-02_MN_10A-01D-A043,2
UCEC,TCGA-AP-A0LH-01A-11D-A066-09_MN_10A-01D-A066,2
UCEC,TCGA-D1-A17K-01A-11D-A325-09_MN_10A-01D-A325,2
UCEC,TCGA-D1-A1O0-01A-11D-A17E-02_MN_10A-01D-A17E,2
UCEC,TCGA-DI-A1NN-01A-11D-A34H-09_MN_11A-21D-A16D,2
UCEC,TCGA-AJ-A23M-01A-11D-A34H-09_MN_10A-01D-A159,1
UCEC,TCGA-AP-A05A-01A-11D-A013-09_MN_10A-01D-A013,1
UCEC,TCGA-AP-A0L8-01A-11D-A043-02_MN_10A-01D-A043,1
UCEC,TCGA-AP-A0L8-01A-11D-A066-09_MN_10A-01D-A066,1
UCEC,TCGA-AP-A0L9-01A-11D-A043-02_MN_10A-01D-A043,1
UCEC,TCGA-AP-A0L9-01A-11D-A066-09_MN_10A-01D-A066,1
UCEC,TCGA-AP-A0LI-01A-11D-A066-09_MN_10A-01D-A066,1
UCEC,TCGA-AX-A0IU-01A-11D-A101-02_MN_10A-01D-A101,1
UCEC,TCGA-B5-A0K8-01A-11D-A14K-09_MN_10B-01D-A34H,1
UCEC,TCGA-B5-A1MY-01A-11D-A142-09_MN_10A-01D-A34H,1
UCEC,TCGA-D1-A169-01A-11D-A12F-02_MN_10A-01D-A12F,1
UCEC,TCGA-D1-A16G-01A-31D-A12J-09_MN_10A-01D-A12J,1
UCEC,TCGA-EO-A1Y8-01A-11D-A159-09_MN_10A-01D-A159,1
UCEC,TCGA-FI-A2CY-01A-11D-A17E-02_MN_10A-01D-A17E,1
